﻿Driver ID,Infraction Date,Infraction Type,Traffic School,Fine Amount
JO-151451402,2017/1/8,Speeding,Yes,115
CM-127151402,2017/3/1,Running a red light,No,55
AP-109151404,2017/3/2,Non-moving violation,No,95
SH-199751404,2017/3/4,Speeding,Yes,130
BT-114401404,2017/3/20,Non-moving violation,No,130
MO-175001406,2017/5/30,Speeding,Yes,118
RA-1988558,2017/6/2,Speeding,Yes,144
BT-1168027,2017/6/5,Speeding,Yes,128
MO-175001406,2017/6/18,Speeding,Yes,115
MP-174701406,2017/6/19,Speeding,No,125
AA-106451404,2017/7/5,Running a red light,No,60
RA-199151402,2017/7/20,Speeding,Yes,146
SC-202601404,2017/8/31,Running a red light,No,150
MO-175001406,2017/9/7,Non-moving violation,No,320
AS-100451404,2017/9/26,Running a red light,No,50
SH-199751404,2017/9/27,Speeding,Yes,225
AA-106451404,2017/9/28,Running a red light,No,195
KL-166451406,2017/10/4,Speeding,No,115
MP-174701406,2017/10/12,Running a red light,No,175
AJ-107951404,2017/10/15,Speeding,Yes,130
MK-179051406,2017/10/22,Reckless driving,Yes,800
TS-213701404,2017/10/23,Speeding,Yes,100
PO-188501402,2017/10/30,Speeding,Yes,120
JK-156251404,2017/11/9,Non-moving violation,No,225
PC-187451406,2017/11/11,Speeding,Yes,220
PO-188501402,2017/11/13,Speeding,No,62
KL-166451406,2017/11/13,Speeding,Yes,104
CJ-120101402,2017/11/26,Speeding,Yes,122
MP-174701406,2017/12/19,Speeding,Yes,124
PV-1898558,2017/12/20,Running a red light,No,80
JR-156701404,2017/12/24,Speeding,No,148
JK-156251406,2017/12/25,Speeding,Yes,140
BG-1103555,2017/12/25,Speeding,Yes,195
BD-117701406,2017/12/25,Speeding,Yes,140
SN-207101402,2017/12/27,Speeding,Yes,280
RA-199151402,2017/12/31,Speeding,No,82
DJ-1342082,2017/12/31,Speeding,Yes,110
AJ-107951404,2017/12/31,Running a red light,No,85
BD-117701406,2018/2/7,Speeding,Yes,125
PA-906061,2018/3/17,Running a red light,No,85
CJ-120101402,2018/3/28,Speeding,Yes,116
NS-1850562,2018/3/31,Non-moving violation,No,125
SN-207101402,2018/4/26,Speeding,Yes,130
LH-170201404,2018/5/6,Running a red light,No,110
AF-108851406,2018/5/9,Non-moving violation,No,200
TS-213701404,2018/5/12,Running a red light,No,70
DB-129701402,2018/5/13,Running a red light,No,110
KT-164801402,2018/5/31,Non-moving violation,No,190
AJ-107951404,2018/7/18,Non-moving violation,No,90
JR-156701404,2018/7/28,Speeding,Yes,310
CM-127151402,2018/8/1,Running a red light,No,160
MP-174701406,2018/8/7,Speeding,Yes,125
CJ-120101402,2018/8/11,Speeding,No,72
BD-117701406,2018/8/15,Running a red light,No,60
AA-106451404,2018/8/16,Running a red light,No,140
JK-156251406,2018/8/23,Speeding,Yes,120
AF-108851406,2018/9/2,Speeding,No,130
JK-156251406,2018/9/5,Speeding,Yes,140
MK-179051406,2018/9/8,Speeding,Yes,134
TS-214301406,2018/9/13,Speeding,Yes,115
CL-118901406,2018/9/16,Non-moving violation,No,240
LH-170201404,2018/9/17,Speeding,Yes,230
GZ-1454582,2018/9/17,Non-moving violation,No,340
AP-109151404,2018/9/24,Speeding,No,105
CL-118901406,2018/10/26,Speeding,Yes,130
JR-156701404,2018/10/28,Reckless driving,Yes,650
JK-156251404,2018/10/31,Running a red light,No,190
TS-214301406,2018/11/10,Non-moving violation,No,95
SC-202601404,2018/11/10,Speeding,Yes,50
KT-164801402,2018/11/10,Speeding,No,74
AS-100451404,2018/11/10,Reckless driving,No,700
DB-129701402,2018/11/11,Speeding,Yes,80
BT-114401404,2018/11/13,Speeding,Yes,96
JB-160001402,2018/11/18,Speeding,Yes,220
JO-151451402,2018/11/21,Reckless driving,Yes,550
JB-160001402,2018/12/5,Non-moving violation,No,195
AS-100451404,2018/12/7,Non-moving violation,No,85
BG-1103555,2018/12/8,Speeding,Yes,315
NP-187001404,2018/12/11,Non-moving violation,No,80
NP-187001404,2018/12/20,Speeding,No,120
PC-187451406,2018/12/30,Non-moving violation,No,600
